ANO,ÍNDICE,MÊS,MÊS,JANEIRO,FEVEREIRO,MARÇO,ABRIL,MAIO,JUNHO,JULHO,AGOSTO,SETEMBRO,OUTUBRO,NOVEMBRO,DEZEMBRO,NOTIF. [MES-0],NOTIF. [MES-1],NOTIF. [MES-2],NOTIF. [MES-3],POP.,ATING. [MES-0],ATING. [MES-1],ATING. [MES-2],ATING. [MES-3],TEMP MÁX. MÉDIA (ºC) [MÊS-0],TEMP MÁX. MÉDIA (ºC) [MÊS-1],TEMP MÁX. MÉDIA (ºC) [MÊS-2],TEMP MÁX. MÉDIA (ºC) [MÊS-3],TEMP. MIN. MÉDIA (ºC) [MÊS-0],TEMP. MIN. MÉDIA (ºC) [MÊS-1],TEMP. MIN. MÉDIA (ºC) [MÊS-2],TEMP. MIN. MÉDIA (ºC) [MÊS-3],UMIDADE REL. MÉDIA (%) [MÊS-0],UMIDADE REL. MÉDIA (%) [MÊS-1],UMIDADE REL. MÉDIA (%) [MÊS-2],UMIDADE REL. MÉDIA (%) [MÊS-3],PRECIPITAÇÃO ACUMULADA (mm) [MÊS-0],PRECIPITAÇÃO ACUMULADA (mm) [MÊS-1],PRECIPITAÇÃO ACUMULADA (mm) [MÊS-2],PRECIPITAÇÃO ACUMULADA (mm) [MÊS-3],VEL. MÉDIA VENTO (mps) [MÊS-0],VEL. MÉDIA VENTO (mps) [MÊS-1],VEL. MÉDIA VENTO (mps) [MÊS-2],VEL. MÉDIA VENTO (mps) [MÊS-3],VEL. MÁX. MÉDIA VENTO (mps) [MÊS-0],VEL. MÁX. MÉDIA VENTO (mps) [MÊS-1],VEL. MÁX. MÉDIA VENTO (mps) [MÊS-2],VEL. MÁX. MÉDIA VENTO (mps) [MÊS-3]
2000,0,outubro,10,0,0,0,0,0,0,0,0,0,1,0,0,,,,,,,,,,34.045161,,,,22.493548,,,,65.540323,,,,142.4,,,,1.941935,,,,12.3,,,
2000,0,novembro,11,0,0,0,0,0,0,0,0,0,0,1,0,,,,,,,,,,31.946667,34.045161,,,22,22.493548,,,74.577586,65.540323,,,284.1,142.4,,,1.715556,1.941935,,,12.3,12.3,,
2000,0,dezembro,12,0,0,0,0,0,0,0,0,0,0,0,1,,,,,,,,,,31.312903,31.946667,34.045161,,22.029032,22,22.493548,,79.473214,74.577586,65.540323,,430.3,284.1,142.4,,1.911828,1.715556,1.941935,,6.7,12.3,12.3,
2001,1,Janeiro,1,1,0,0,0,0,0,0,0,0,0,0,0,297,0,0,0,150884,0.196839956522892,0,0,0,31.777419,31.312903,31.946667,34.045161,21.916129,22.029032,22,22.493548,77.766129,79.473214,74.577586,65.540323,234.4,430.3,284.1,142.4,1.56129,1.911828,1.715556,1.941935,4.4,6.7,12.3,12.3
2001,1,fevereiro,2,0,1,0,0,0,0,0,0,0,0,0,0,207,297,0,0,150884,0.137191484849288,0.196839956522892,0,0,31.485714,31.777419,31.312903,31.946667,21.807143,21.916129,22.029032,22,80.169643,77.766129,79.473214,74.577586,147.3,234.4,430.3,284.1,1.69881,1.56129,1.911828,1.715556,4.4,4.4,6.7,12.3
2001,1,março,3,0,0,1,0,0,0,0,0,0,0,0,0,228,207,297,0,150884,0.151109461573129,0.137191484849288,0.196839956522892,0,31.380645,31.485714,31.777419,31.312903,21.741935,21.807143,21.916129,22.029032,83.024194,80.169643,77.766129,79.473214,387.5,147.3,234.4,430.3,1.334409,1.69881,1.56129,1.911828,4.4,4.4,4.4,6.7
2001,1,abril,4,0,0,0,1,0,0,0,0,0,0,0,0,170,228,207,297,150884,0.112669335383473,0.151109461573129,0.137191484849288,0.196839956522892,32.703333,31.380645,31.485714,31.777419,21.78,21.741935,21.807143,21.916129,74.741667,83.024194,80.169643,77.766129,117.4,387.5,147.3,234.4,1.145556,1.334409,1.69881,1.56129,4.4,4.4,4.4,4.4
2001,1,maio,5,0,0,0,0,1,0,0,0,0,0,0,0,154,170,228,207,150884,0.102065162641499,0.112669335383473,0.151109461573129,0.137191484849288,34.041935,32.703333,31.380645,31.485714,21.7,21.78,21.741935,21.807143,70.717742,74.741667,83.024194,80.169643,22.2,117.4,387.5,147.3,1.656989,1.145556,1.334409,1.69881,6.7,4.4,4.4,4.4
2001,1,junho,6,0,0,0,0,0,1,0,0,0,0,0,0,77,154,170,228,150884,0.05103258132075,0.102065162641499,0.112669335383473,0.151109461573129,34.056667,34.041935,32.703333,31.380645,20.173333,21.7,21.78,21.741935,56.758333,70.717742,74.741667,83.024194,1.2,22.2,117.4,387.5,1.72,1.656989,1.145556,1.334409,12.3,6.7,4.4,4.4
2001,1,julho,7,0,0,0,0,0,0,1,0,0,0,0,0,26,77,154,170,150884,0.017231780705708,0.05103258132075,0.102065162641499,0.112669335383473,34.793548,34.056667,34.041935,32.703333,19.819355,20.173333,21.7,21.78,46.975,56.758333,70.717742,74.741667,0,1.2,22.2,117.4,2.233333,1.72,1.656989,1.145556,12.3,12.3,6.7,4.4
2001,1,agosto,8,0,0,0,0,0,0,0,1,0,0,0,0,24,26,77,154,150884,0.015906259112961,0.017231780705708,0.05103258132075,0.102065162641499,34.990323,34.793548,34.056667,34.041935,21.029032,19.819355,20.173333,21.7,41.370968,46.975,56.758333,70.717742,0,0,1.2,22.2,3.167742,2.233333,1.72,1.656989,12.3,12.3,12.3,6.7
2001,1,setembro,9,0,0,0,0,0,0,0,0,1,0,0,0,15,24,26,77,150884,0.009941411945601,0.015906259112961,0.017231780705708,0.05103258132075,35.103333,34.990323,34.793548,34.056667,22.806667,21.029032,19.819355,20.173333,56.033333,41.370968,46.975,56.758333,129.1,0,0,1.2,1.598889,3.167742,2.233333,1.72,9.3,12.3,12.3,12.3
2001,1,outubro,10,0,0,0,0,0,0,0,0,0,1,0,0,21,15,24,26,150884,0.013917976723841,0.009941411945601,0.015906259112961,0.017231780705708,32.7,35.103333,34.990323,34.793548,21.809677,22.806667,21.029032,19.819355,78.314516,56.033333,41.370968,46.975,373.4,129.1,0,0,1.324731,1.598889,3.167742,2.233333,4.4,9.3,12.3,12.3
2001,1,novembro,11,0,0,0,0,0,0,0,0,0,0,1,0,135,21,15,24,150884,0.089472707510405,0.013917976723841,0.009941411945601,0.015906259112961,32.24,32.7,35.103333,34.990323,21.94,21.809677,22.806667,21.029032,81.966667,78.314516,56.033333,41.370968,420.4,373.4,129.1,0,1.26,1.324731,1.598889,3.167742,4.4,4.4,9.3,12.3
2001,1,dezembro,12,0,0,0,0,0,0,0,0,0,0,0,1,84,135,21,15,150884,0.055671906895363,0.089472707510405,0.013917976723841,0.009941411945601,32,32.24,32.7,35.103333,22.16129,21.94,21.809677,22.806667,82.467742,81.966667,78.314516,56.033333,338.6,420.4,373.4,129.1,1.384946,1.26,1.324731,1.598889,4.4,4.4,4.4,9.3
2002,2,janeiro,1,1,0,0,0,0,0,0,0,0,0,0,0,110,84,135,21,161137,0.068264892606912,0.055671906895363,0.089472707510405,0.013917976723841,30.422581,32,32.24,32.7,22.196774,22.16129,21.94,21.809677,84.782258,82.467742,81.966667,78.314516,431.7,338.6,420.4,373.4,1.572774,1.384946,1.26,1.324731,6.734,4.4,4.4,4.4
2002,2,fevereiro,2,0,1,0,0,0,0,0,0,0,0,0,0,128,110,84,135,161137,0.079435511397134,0.068264892606912,0.055671906895363,0.089472707510405,32.792857,30.422581,32,32.24,22.775,22.196774,22.16129,21.94,76.589286,84.782258,82.467742,81.966667,195.1,431.7,338.6,420.4,1.321687,1.572774,1.384946,1.26,4.4,6.734,4.4,4.4
2002,2,março,3,0,0,1,0,0,0,0,0,0,0,0,0,61,128,110,84,161137,0.037855985900197,0.079435511397134,0.068264892606912,0.055671906895363,32.064516,32.792857,30.422581,32,22.180645,22.775,22.196774,22.16129,81.419355,76.589286,84.782258,82.467742,233,195.1,431.7,338.6,1.172043,1.321687,1.572774,1.384946,4.4,4.4,6.734,4.4
2002,2,abril,4,0,0,0,1,0,0,0,0,0,0,0,0,59,61,128,110,161137,0.036614806034617,0.037855985900197,0.079435511397134,0.068264892606912,33.19,32.064516,32.792857,30.422581,22.023333,22.180645,22.775,22.196774,74.208333,81.419355,76.589286,84.782258,107.8,233,195.1,431.7,1.454444,1.172043,1.321687,1.572774,4.4,4.4,4.4,6.734
2002,2,maio,5,0,0,0,0,1,0,0,0,0,0,0,0,26,59,61,128,161137,0.016135338252543,0.036614806034617,0.037855985900197,0.079435511397134,33.987097,33.19,32.064516,32.792857,21.464516,22.023333,22.180645,22.775,68.532258,74.208333,81.419355,76.589286,55,107.8,233,195.1,1.390323,1.454444,1.172043,1.321687,4.4,4.4,4.4,4.4
2002,2,junho,6,0,0,0,0,0,1,0,0,0,0,0,0,23,26,59,61,161137,0.014273568454173,0.016135338252543,0.036614806034617,0.037855985900197,34.146667,33.987097,33.19,32.064516,20.493333,21.464516,22.023333,22.180645,53.908333,68.532258,74.208333,81.419355,0,55,107.8,233,1.909727,1.390323,1.454444,1.172043,6.68772,4.4,4.4,4.4
2002,2,julho,7,0,0,0,0,0,0,1,0,0,0,0,0,10,23,26,59,161137,0.006205899327901,0.014273568454173,0.016135338252543,0.036614806034617,35.309677,34.146667,33.987097,33.19,20.906452,20.493333,21.464516,22.023333,49.346774,53.908333,68.532258,74.208333,0,0,55,107.8,1.568553,1.909727,1.390323,1.454444,6.68772,6.68772,4.4,4.4
2002,2,agosto,8,0,0,0,0,0,0,0,1,0,0,0,0,7,10,23,26,161137,0.004344129529531,0.006205899327901,0.014273568454173,0.016135338252543,36.696774,35.309677,34.146667,33.987097,21.596774,20.906452,20.493333,21.464516,39.193548,49.346774,53.908333,68.532258,0,0,0,55,2.778785,1.568553,1.909727,1.390323,12.34656,6.68772,6.68772,4.4
2002,2,setembro,9,0,0,0,0,0,0,0,0,1,0,0,0,10,7,10,23,161137,0.006205899327901,0.004344129529531,0.006205899327901,0.014273568454173,35.613333,36.696774,35.309677,34.146667,22.81,21.596774,20.906452,20.493333,52.066667,39.193548,49.346774,53.908333,76.1,0,0,0,1.724825,2.778785,1.568553,1.909727,12.34656,12.34656,6.68772,6.68772
2002,2,outubro,10,0,0,0,0,0,0,0,0,0,1,0,0,31,10,7,10,161137,0.019238287916494,0.006205899327901,0.004344129529531,0.006205899327901,35.064516,35.613333,36.696774,35.309677,22.267742,22.81,21.596774,20.906452,68.612903,52.066667,39.193548,49.346774,145,76.1,0,0,1.477419,1.724825,2.778785,1.568553,4.4,12.34656,12.34656,6.68772
2002,2,novembro,11,0,0,0,0,0,0,0,0,0,0,1,0,77,31,10,7,161137,0.047785424824839,0.019238287916494,0.006205899327901,0.004344129529531,34.69,35.064516,35.613333,36.696774,22.476667,22.267742,22.81,21.596774,71.65,68.612903,52.066667,39.193548,214.5,145,76.1,0,1.612543,1.477419,1.724825,2.778785,4.4,4.4,12.34656,12.34656
2002,2,dezembro,12,0,0,0,0,0,0,0,0,0,0,0,1,67,77,31,10,161137,0.041579525496937,0.047785424824839,0.019238287916494,0.006205899327901,32.012903,34.69,35.064516,35.613333,22.467742,22.476667,22.267742,22.81,79.846774,71.65,68.612903,52.066667,238.6,214.5,145,76.1,1.766667,1.612543,1.477419,1.724825,4.4,4.4,4.4,12.34656
2003,3,janeiro,1,1,0,0,0,0,0,0,0,0,0,0,0,102,67,77,31,172176,0.059241706161138,0.041579525496937,0.047785424824839,0.019238287916494,32.719355,32.012903,34.69,35.064516,22.383871,22.467742,22.476667,22.267742,79.846774,79.846774,71.65,68.612903,487.1,238.6,214.5,145,1.646547,1.766667,1.612543,1.477419,4.4,4.4,4.4,4.4
2003,3,fevereiro,2,0,1,0,0,0,0,0,0,0,0,0,0,109,102,67,77,172176,0.063307313446706,0.059241706161138,0.041579525496937,0.047785424824839,32.432143,32.719355,32.012903,34.69,22.371429,22.383871,22.467742,22.476667,78.160714,79.846774,79.846774,71.65,241.4,487.1,238.6,214.5,1.553571,1.646547,1.766667,1.612543,4.4,4.4,4.4,4.4
2003,3,março,3,0,0,1,0,0,0,0,0,0,0,0,0,77,109,102,67,172176,0.044721680141251,0.063307313446706,0.059241706161138,0.041579525496937,31.53871,32.432143,32.719355,32.012903,21.780645,22.371429,22.383871,22.467742,83.33871,78.160714,79.846774,79.846774,236.8,241.4,487.1,238.6,1.358065,1.553571,1.646547,1.766667,4.4,4.4,4.4,4.4
2003,3,abril,4,0,0,0,1,0,0,0,0,0,0,0,0,192,77,109,102,172176,0.111513799832729,0.044721680141251,0.063307313446706,0.059241706161138,33.75,31.53871,32.432143,32.719355,21.926667,21.780645,22.371429,22.383871,76.433333,83.33871,78.160714,79.846774,231.6,236.8,241.4,487.1,1.496667,1.358065,1.553571,1.646547,4.4,4.4,4.4,4.4
2003,3,maio,5,0,0,0,0,1,0,0,0,0,0,0,0,145,192,77,109,172176,0.084216150915343,0.111513799832729,0.044721680141251,0.063307313446706,33.293548,33.75,31.53871,32.432143,21.619355,21.926667,21.780645,22.371429,71.266129,76.433333,83.33871,78.160714,129.9,231.6,236.8,241.4,1.735961,1.496667,1.358065,1.553571,9.3,4.4,4.4,4.4
2003,3,junho,6,0,0,0,0,0,1,0,0,0,0,0,0,29,145,192,77,172176,0.016843230183069,0.084216150915343,0.111513799832729,0.044721680141251,34.456667,33.293548,33.75,31.53871,18.7,21.619355,21.926667,21.780645,55.866667,71.266129,76.433333,83.33871,0,129.9,231.6,236.8,1.798889,1.735961,1.496667,1.358065,9.3,9.3,4.4,4.4
2003,3,julho,7,0,0,0,0,0,0,1,0,0,0,0,0,8,29,145,192,172176,0.004646408326364,0.016843230183069,0.084216150915343,0.111513799832729,34.674194,34.456667,33.293548,33.75,19.051613,18.7,21.619355,21.926667,47.645161,55.866667,71.266129,76.433333,0,0,129.9,231.6,2.530108,1.798889,1.735961,1.496667,9.3,9.3,9.3,4.4
2003,3,agosto,8,0,0,0,0,0,0,0,1,0,0,0,0,0,8,29,145,172176,0,0.004646408326364,0.016843230183069,0.084216150915343,36.322581,34.674194,34.456667,33.293548,21.367742,19.051613,18.7,21.619355,49.024194,47.645161,55.866667,71.266129,18.6,0,0,129.9,1.852711,2.530108,1.798889,1.735961,6.7,9.3,9.3,9.3
2003,3,setembro,9,0,0,0,0,0,0,0,0,1,0,0,0,0,0,8,29,172176,0,0,0.004646408326364,0.016843230183069,37.196667,36.322581,34.674194,34.456667,23.473333,21.367742,19.051613,18.7,48.666667,49.024194,47.645161,55.866667,22.6,18.6,0,0,1.891954,1.852711,2.530108,1.798889,12.3,6.7,9.3,9.3
2003,3,outubro,10,0,0,0,0,0,0,0,0,0,1,0,0,2,0,0,8,172176,0.001161602081591,0,0,0.004646408326364,33.890323,37.196667,36.322581,34.674194,22.706667,23.473333,21.367742,19.051613,68.983871,48.666667,49.024194,47.645161,179.6,22.6,18.6,0,1.727503,1.891954,1.852711,2.530108,4.4,12.3,6.7,9.3
2003,3,novembro,11,0,0,0,0,0,0,0,0,0,0,1,0,4,2,0,0,172176,0.002323204163182,0.001161602081591,0,0,31.85,33.890323,37.196667,36.322581,22.256667,22.706667,23.473333,21.367742,77.716667,68.983871,48.666667,49.024194,303.1,179.6,22.6,18.6,1.414444,1.727503,1.891954,1.852711,4.4,4.4,12.3,6.7
2003,3,dezembro,12,0,0,0,0,0,0,0,0,0,0,0,1,13,4,2,0,172176,0.007550413530341,0.002323204163182,0.001161602081591,0,32.035484,31.85,33.890323,37.196667,22.219355,22.256667,22.706667,23.473333,77.701613,77.716667,68.983871,48.666667,193,303.1,179.6,22.6,1.650538,1.414444,1.727503,1.891954,6.7,4.4,4.4,12.3
2004,0,janeiro,1,1,0,0,0,0,0,0,0,0,0,0,0,4,13,4,2,187639,0.002131752993781,0.007550413530341,0.002323204163182,0.001161602081591,30.690323,32.035484,31.85,33.890323,22.451613,22.219355,22.256667,22.706667,83.5,77.701613,77.716667,68.983871,490.7,193,303.1,179.6,1.675269,1.650538,1.414444,1.727503,4.4,6.7,4.4,4.4
2004,0,fevereiro,2,0,1,0,0,0,0,0,0,0,0,0,0,3,4,13,4,187639,0.001598814745335,0.002131752993781,0.007550413530341,0.002323204163182,30.496552,30.690323,32.035484,31.85,22.503448,22.451613,22.219355,22.256667,83.775862,83.5,77.701613,77.716667,204.5,490.7,193,303.1,1.534483,1.675269,1.650538,1.414444,6.7,4.4,6.7,4.4
2004,0,março,3,0,0,1,0,0,0,0,0,0,0,0,0,0,3,4,13,187639,0,0.001598814745335,0.002131752993781,0.007550413530341,31.551613,30.496552,30.690323,32.035484,22.632258,22.503448,22.451613,22.219355,81.895161,83.775862,83.5,77.701613,299.4,204.5,490.7,193,1.426882,1.534483,1.675269,1.650538,4.4,6.7,4.4,6.7
2004,0,abril,4,0,0,0,1,0,0,0,0,0,0,0,0,0,0,3,4,187639,0,0,0.001598814745335,0.002131752993781,32.686667,31.551613,30.496552,30.690323,22.56,22.632258,22.503448,22.451613,78.05,81.895161,83.775862,83.5,246.9,299.4,204.5,490.7,1.206667,1.426882,1.534483,1.675269,2.4,4.4,6.7,4.4
2004,0,maio,5,0,0,0,0,1,0,0,0,0,0,0,0,0,0,0,3,187639,0,0,0,0.001598814745335,34.587097,32.686667,31.551613,30.496552,22.474194,22.56,22.632258,22.503448,65.33871,78.05,81.895161,83.775862,2.3,246.9,299.4,204.5,1.730108,1.206667,1.426882,1.534483,6.7,2.4,4.4,6.7
2004,0,junho,6,0,0,0,0,0,1,0,0,0,0,0,0,1,0,0,0,187639,0.000532938248445,0,0,0,34.243333,34.587097,32.686667,31.551613,20.423333,22.474194,22.56,22.632258,56.266667,65.33871,78.05,81.895161,27.4,2.3,246.9,299.4,1.982222,1.730108,1.206667,1.426882,9.3,6.7,2.4,4.4
2004,0,julho,7,0,0,0,0,0,0,1,0,0,0,0,0,4,1,0,0,187639,0.002131752993781,0.000532938248445,0,0,34.516129,34.243333,34.587097,32.686667,20.245161,20.423333,22.474194,22.56,49.895161,56.266667,65.33871,78.05,0,27.4,2.3,246.9,1.94086,1.982222,1.730108,1.206667,12.3,9.3,6.7,2.4
2004,0,agosto,8,0,0,0,0,0,0,0,1,0,0,0,0,1,4,1,0,187639,0.000532938248445,0.002131752993781,0.000532938248445,0,36.196774,34.516129,34.243333,34.587097,20.813333,20.245161,20.423333,22.474194,43.16129,49.895161,56.266667,65.33871,0,0,27.4,2.3,2.098327,1.94086,1.982222,1.730108,12.3,12.3,9.3,6.7
2004,0,setembro,9,0,0,0,0,0,0,0,0,1,0,0,0,0,1,4,1,187639,0,0.000532938248445,0.002131752993781,0.000532938248445,37.186667,36.196774,34.516129,34.243333,23.9,20.813333,20.245161,20.423333,41.716667,43.16129,49.895161,56.266667,41.8,0,0,27.4,2.215556,2.098327,1.94086,1.982222,7.7,12.3,12.3,9.3
2004,0,outubro,10,0,0,0,0,0,0,0,0,0,1,0,0,1,0,1,4,187639,0.000532938248445,0,0.000532938248445,0.002131752993781,33.587097,37.186667,36.196774,34.516129,22.680645,23.9,20.813333,20.245161,70.887097,41.716667,43.16129,49.895161,160.2,41.8,0,0,1.174194,2.215556,2.098327,1.94086,4.8,7.7,12.3,12.3
2004,0,novembro,11,0,0,0,0,0,0,0,0,0,0,1,0,0,1,0,1,187639,0,0.000532938248445,0,0.000532938248445,33.23,33.587097,37.186667,36.196774,22.776667,22.680645,23.9,20.813333,74.316667,70.887097,41.716667,43.16129,172.1,160.2,41.8,0,1.202222,1.174194,2.215556,2.098327,4.4,4.8,7.7,12.3
2004,0,dezembro,12,0,0,0,0,0,0,0,0,0,0,0,1,3,0,1,0,187639,0.001598814745335,0,0.000532938248445,0,32.696774,33.23,33.587097,37.186667,22.374194,22.776667,22.680645,23.9,76.064516,74.316667,70.887097,41.716667,249.9,172.1,160.2,41.8,1.012903,1.202222,1.174194,2.215556,4,4.4,4.8,7.7
2005,1,janeiro,1,1,0,0,0,0,0,0,0,0,0,0,0,17,3,0,1,208165,0.008166598611678,0.001598814745335,0,0.000532938248445,32.390323,32.696774,33.23,33.587097,22.780645,22.374194,22.776667,22.680645,80.217742,76.064516,74.316667,70.887097,263.2,249.9,172.1,160.2,0.95914,1.012903,1.202222,1.174194,3.6,4,4.4,4.8
2005,1,fevereiro,2,0,1,0,0,0,0,0,0,0,0,0,0,79,17,3,0,208165,0.037950664136622,0.008166598611678,0.001598814745335,0,32.182143,32.390323,32.696774,33.23,23,22.780645,22.374194,22.776667,78.232143,80.217742,76.064516,74.316667,257.9,263.2,249.9,172.1,1.171429,0.95914,1.012903,1.202222,6,3.6,4,4.4
2005,1,março,3,0,0,1,0,0,0,0,0,0,0,0,0,170,79,17,3,208165,0.081665986116782,0.037950664136622,0.008166598611678,0.001598814745335,31.267742,32.182143,32.390323,32.696774,22.754839,23,22.780645,22.374194,81.983871,78.232143,80.217742,76.064516,273.4,257.9,263.2,249.9,0.811828,1.171429,0.95914,1.012903,4,6,3.6,4
2005,1,abril,4,0,0,0,1,0,0,0,0,0,0,0,0,318,170,79,17,208165,0.152763432853746,0.081665986116782,0.037950664136622,0.008166598611678,33.05,31.267742,32.182143,32.390323,23.416667,22.754839,23,22.780645,75.666667,81.983871,78.232143,80.217742,179.3,273.4,257.9,263.2,1.107778,0.811828,1.171429,0.95914,5.2,4,6,3.6
2005,1,maio,5,0,0,0,0,1,0,0,0,0,0,0,0,548,318,170,79,208165,0.263252708188216,0.152763432853746,0.081665986116782,0.037950664136622,32.587097,33.05,31.267742,32.182143,22.545161,23.416667,22.754839,23,68.548387,75.666667,81.983871,78.232143,46.1,179.3,273.4,257.9,1.333046,1.107778,0.811828,1.171429,7.3,5.2,4,6
2005,1,junho,6,0,0,0,0,0,1,0,0,0,0,0,0,244,548,318,170,208165,0.117214709485264,0.263252708188216,0.152763432853746,0.081665986116782,33.573333,32.587097,33.05,31.267742,22.133333,22.545161,23.416667,22.754839,59.25,68.548387,75.666667,81.983871,0,46.1,179.3,273.4,1.592222,1.333046,1.107778,0.811828,9.6,7.3,5.2,4
2005,1,julho,7,0,0,0,0,0,0,1,0,0,0,0,0,55,244,548,318,208165,0.026421348449547,0.117214709485264,0.263252708188216,0.152763432853746,34.646667,33.573333,32.587097,33.05,19.570968,22.133333,22.545161,23.416667,48.959677,59.25,68.548387,75.666667,0,0,46.1,179.3,2.109677,1.592222,1.333046,1.107778,8.4,9.6,7.3,5.2
2005,1,agosto,8,0,0,0,0,0,0,0,1,0,0,0,0,17,55,244,548,208165,0.008166598611678,0.026421348449547,0.117214709485264,0.263252708188216,36.545161,34.646667,33.573333,32.587097,22.43871,19.570968,22.133333,22.545161,39.822581,48.959677,59.25,68.548387,0,0,0,46.1,2.087097,2.109677,1.592222,1.333046,9.2,8.4,9.6,7.3
2005,1,setembro,9,0,0,0,0,0,0,0,0,1,0,0,0,7,17,55,244,208165,0.003362717075397,0.008166598611678,0.026421348449547,0.117214709485264,36.813333,36.545161,34.646667,33.573333,23.963333,22.43871,19.570968,22.133333,45.625,39.822581,48.959677,59.25,82.9,0,0,0,2.056382,2.087097,2.109677,1.592222,12.3,9.2,8.4,9.6
2005,1,outubro,10,0,0,0,0,0,0,0,0,0,1,0,0,2,7,17,55,208165,0.000960776307256,0.003362717075397,0.008166598611678,0.026421348449547,35.348387,36.813333,36.545161,34.646667,23.006452,23.963333,22.43871,19.570968,62.185484,45.625,39.822581,48.959677,110.2,82.9,0,0,1.083871,2.056382,2.087097,2.109677,5.6,12.3,9.2,8.4
2005,1,novembro,11,0,0,0,0,0,0,0,0,0,0,1,0,4,2,7,17,208165,0.001921552614513,0.000960776307256,0.003362717075397,0.008166598611678,33.14,35.348387,36.813333,36.545161,23.013333,23.006452,23.963333,22.43871,73.525,62.185484,45.625,39.822581,242,110.2,82.9,0,0.986667,1.083871,2.056382,2.087097,4,5.6,12.3,9.2
2005,1,dezembro,12,0,0,0,0,0,0,0,0,0,0,0,1,25,4,2,7,208165,0.012009703840703,0.001921552614513,0.000960776307256,0.003362717075397,31.119355,33.14,35.348387,36.813333,22.583871,23.013333,23.006452,23.963333,79.935484,73.525,62.185484,45.625,336.7,242,110.2,82.9,0.952855,0.986667,1.083871,2.056382,3.8,4,5.6,12.3
2006,2,janeiro,1,1,0,0,0,0,0,0,0,0,0,0,0,59,25,4,2,220889,0.026710248133678,0.012009703840703,0.001921552614513,0.000960776307256,33.112903,31.119355,33.14,35.348387,22.441935,22.583871,23.013333,23.006452,72.629032,79.935484,73.525,62.185484,174.5,336.7,242,110.2,1.292807,0.952855,0.986667,1.083871,10.4,3.8,4,5.6
2006,2,fevereiro,2,0,1,0,0,0,0,0,0,0,0,0,0,103,59,25,4,220889,0.046629755216421,0.026710248133678,0.012009703840703,0.001921552614513,31.453571,33.112903,31.119355,33.14,22.075,22.441935,22.583871,23.013333,80.705357,72.629032,79.935484,73.525,313.8,174.5,336.7,242,0.963783,1.292807,0.952855,0.986667,6,10.4,3.8,4
2006,2,março,3,0,0,1,0,0,0,0,0,0,0,0,0,235,103,59,25,220889,0.10638827646465,0.046629755216421,0.026710248133678,0.012009703840703,31.13871,31.453571,33.112903,31.119355,22.535484,22.075,22.441935,22.583871,81.637097,80.705357,72.629032,79.935484,402.9,313.8,174.5,336.7,0.846248,0.963783,1.292807,0.952855,5.6,6,10.4,3.8
2006,2,abril,4,0,0,0,1,0,0,0,0,0,0,0,0,261,235,103,59,220889,0.11815889428627,0.10638827646465,0.046629755216421,0.026710248133678,30.256667,31.13871,31.453571,33.112903,22.34,22.535484,22.075,22.441935,83.666667,81.637097,80.705357,72.629032,403.8,402.9,313.8,174.5,0.643333,0.846248,0.963783,1.292807,4.4,5.6,6,10.4
2006,2,maio,5,0,0,0,0,1,0,0,0,0,0,0,0,239,261,235,103,220889,0.108199140744899,0.11815889428627,0.10638827646465,0.046629755216421,31.645161,30.256667,31.13871,31.453571,22.558065,22.34,22.535484,22.075,76.959677,83.666667,81.637097,80.705357,156.3,403.8,402.9,313.8,0.925806,0.643333,0.846248,0.963783,5.2,4.4,5.6,6
2006,2,junho,6,0,0,0,0,0,1,0,0,0,0,0,0,105,239,261,235,220889,0.047535187356546,0.108199140744899,0.11815889428627,0.10638827646465,33.106667,31.645161,30.256667,31.13871,20.353333,22.558065,22.34,22.535484,57.858333,76.959677,83.666667,81.637097,0,156.3,403.8,402.9,1.801628,0.925806,0.643333,0.846248,9.9,5.2,4.4,5.6
2006,2,julho,7,0,0,0,0,0,0,1,0,0,0,0,0,47,105,239,261,220889,0.02127765529293,0.047535187356546,0.108199140744899,0.11815889428627,34.106452,33.106667,31.645161,30.256667,19.983871,20.353333,22.558065,22.34,51.137097,57.858333,76.959677,83.666667,0,0,156.3,403.8,1.701945,1.801628,0.925806,0.643333,8.4,9.9,5.2,4.4
2006,2,agosto,8,0,0,0,0,0,0,0,1,0,0,0,0,15,47,105,239,220889,0.006790741050935,0.02127765529293,0.047535187356546,0.108199140744899,36.435484,34.106452,33.106667,31.645161,21.816129,19.983871,20.353333,22.558065,41.629032,51.137097,57.858333,76.959677,1.7,0,0,156.3,2.184946,1.701945,1.801628,0.925806,8,8.4,9.9,5.2
2006,2,setembro,9,0,0,0,0,0,0,0,0,1,0,0,0,15,15,47,105,220889,0.006790741050935,0.006790741050935,0.02127765529293,0.047535187356546,36,36.435484,34.106452,33.106667,22.913333,21.816129,19.983871,20.353333,53.508333,41.629032,51.137097,57.858333,198.3,1.7,0,0,1.538913,2.184946,1.701945,1.801628,6.8,8,8.4,9.9
2006,2,outubro,10,0,0,0,0,0,0,0,0,0,1,0,0,30,15,15,47,220889,0.01358148210187,0.006790741050935,0.006790741050935,0.02127765529293,33.674194,36,36.435484,34.106452,23.429032,22.913333,21.816129,19.983871,71.983871,53.508333,41.629032,51.137097,140.4,198.3,1.7,0,1.012903,1.538913,2.184946,1.701945,5.2,6.8,8,8.4
2006,2,novembro,11,0,0,0,0,0,0,0,0,0,0,1,0,142,30,15,15,220889,0.064285681948852,0.01358148210187,0.006790741050935,0.006790741050935,32.98,33.674194,36,36.435484,23.136667,23.429032,22.913333,21.816129,74.783333,71.983871,53.508333,41.629032,131.6,140.4,198.3,1.7,0.988889,1.012903,1.538913,2.184946,7.2,5.2,6.8,8
2006,2,dezembro,12,0,0,0,0,0,0,0,0,0,0,0,1,255,142,30,15,220889,0.115442597865896,0.064285681948852,0.01358148210187,0.006790741050935,32.732258,32.98,33.674194,36,22.896774,23.136667,23.429032,22.913333,76.653226,74.783333,71.983871,53.508333,226,131.6,140.4,198.3,0.956989,0.988889,1.012903,1.538913,10.6,7.2,5.2,6.8
2007,3,janeiro,1,1,0,0,0,0,0,0,0,0,0,0,0,861,255,142,30,178386,0.482661195385288,0.115442597865896,0.064285681948852,0.01358148210187,32.609677,32.732258,32.98,33.674194,22.667742,22.896774,23.136667,23.429032,79.080645,76.653226,74.783333,71.983871,365.1,226,131.6,140.4,0.93154,0.956989,0.988889,1.012903,6,10.6,7.2,5.2
2007,3,fevereiro,2,0,1,0,0,0,0,0,0,0,0,0,0,1494,861,255,142,178386,0.837509670041371,0.482661195385288,0.115442597865896,0.064285681948852,30.135714,32.609677,32.732258,32.98,22.010714,22.667742,22.896774,23.136667,85.660714,79.080645,76.653226,74.783333,583.2,365.1,226,131.6,1.05119,0.93154,0.956989,0.988889,5,6,10.6,7.2
2007,3,março,3,0,0,1,0,0,0,0,0,0,0,0,0,1481,1494,861,255,178386,0.830222102631372,0.837509670041371,0.482661195385288,0.115442597865896,33.058065,30.135714,32.609677,32.732258,22.512903,22.010714,22.667742,22.896774,72.701613,85.660714,79.080645,76.653226,209.1,583.2,365.1,226,0.848243,1.05119,0.93154,0.956989,6.9,5,6,10.6
2007,3,abril,4,0,0,0,1,0,0,0,0,0,0,0,0,694,1481,1494,861,178386,0.38904398327223,0.830222102631372,0.837509670041371,0.482661195385288,32.823333,33.058065,30.135714,32.609677,22.89,22.512903,22.010714,22.667742,77.558333,72.701613,85.660714,79.080645,84.2,209.1,583.2,365.1,0.53779,0.848243,1.05119,0.93154,3.60108,6.9,5,6
2007,3,maio,5,0,0,0,0,1,0,0,0,0,0,0,0,384,694,1481,1494,178386,0.215263529649188,0.38904398327223,0.830222102631372,0.837509670041371,34.503226,32.823333,33.058065,30.135714,22.083871,22.89,22.512903,22.010714,65.766129,77.558333,72.701613,85.660714,34.3,84.2,209.1,583.2,0.783009,0.53779,0.848243,1.05119,4.8,3.60108,6.9,5
2007,3,junho,6,0,0,0,0,0,1,0,0,0,0,0,0,150,384,694,1481,178386,0.084087316269214,0.215263529649188,0.38904398327223,0.830222102631372,34.606667,34.503226,32.823333,33.058065,20.763333,22.083871,22.89,22.512903,51.75,65.766129,77.558333,72.701613,0,34.3,84.2,209.1,2.007448,0.783009,0.53779,0.848243,9,4.8,3.60108,6.9
2007,3,julho,7,0,0,0,0,0,0,1,0,0,0,0,0,40,150,384,694,178386,0.022423284338457,0.084087316269214,0.215263529649188,0.38904398327223,35.519355,34.606667,34.503226,32.823333,20.609677,20.763333,22.083871,22.89,46.112903,51.75,65.766129,77.558333,0,0,34.3,84.2,1.557187,2.007448,0.783009,0.53779,8,9,4.8,3.60108
2007,3,agosto,8,0,0,0,0,0,0,0,1,0,0,0,0,8,40,150,384,178386,0.004484656867691,0.022423284338457,0.084087316269214,0.215263529649188,36.7,35.519355,34.606667,34.503226,22.664516,20.609677,20.763333,22.083871,37.572581,46.112903,51.75,65.766129,0,0,0,34.3,2.62633,1.557187,2.007448,0.783009,10.8,8,9,4.8
2007,3,setembro,9,0,0,0,0,0,0,0,0,1,0,0,0,9,8,40,150,178386,0.005045238976153,0.004484656867691,0.022423284338457,0.084087316269214,37.323333,36.7,35.519355,34.606667,24.166667,22.664516,20.609677,20.763333,42.516667,37.572581,46.112903,51.75,55.1,0,0,0,2.372222,2.62633,1.557187,2.007448,12.7,10.8,8,9
2007,3,outubro,10,0,0,0,0,0,0,0,0,0,1,0,0,41,9,8,40,178386,0.022983866446919,0.005045238976153,0.004484656867691,0.022423284338457,35.990323,37.323333,36.7,35.519355,23.322581,24.166667,22.664516,20.609677,56.830645,42.516667,37.572581,46.112903,80.9,55.1,0,0,0.962136,2.372222,2.62633,1.557187,6.8,12.7,10.8,8
2007,3,novembro,11,0,0,0,0,0,0,0,0,0,0,1,0,63,41,9,8,178386,0.03531667283307,0.022983866446919,0.005045238976153,0.004484656867691,33.246667,35.990323,37.323333,36.7,22.506667,23.322581,24.166667,22.664516,71.075,56.830645,42.516667,37.572581,201.7,80.9,55.1,0,0.737778,0.962136,2.372222,2.62633,6.4,6.8,12.7,10.8
2007,3,dezembro,12,0,0,0,0,0,0,0,0,0,0,0,1,68,63,41,9,178386,0.038119583375377,0.03531667283307,0.022983866446919,0.005045238976153,32.793548,33.246667,35.990323,37.323333,22.8,22.506667,23.322581,24.166667,74.33871,71.075,56.830645,42.516667,130.1,201.7,80.9,55.1,0.643011,0.737778,0.962136,2.372222,2.8,6.4,6.8,12.7
2008,0,janeiro,1,1,0,0,0,0,0,0,0,0,0,0,0,552,68,63,41,184010,0.299983696538232,0.038119583375377,0.03531667283307,0.022983866446919,31.522581,32.793548,33.246667,35.990323,22.225806,22.8,22.506667,23.322581,80.129032,74.33871,71.075,56.830645,292.7,130.1,201.7,80.9,0.288172,0.643011,0.737778,0.962136,3.2,2.8,6.4,6.8
2008,0,fevereiro,2,0,1,0,0,0,0,0,0,0,0,0,0,594,552,68,63,184010,0.322808543013967,0.299983696538232,0.038119583375377,0.03531667283307,31.055172,31.522581,32.793548,33.246667,22.096552,22.225806,22.8,22.506667,82.241379,80.129032,74.33871,71.075,272.7,292.7,130.1,201.7,0.553703,0.288172,0.643011,0.737778,4,3.2,2.8,6.4
2008,0,março,3,0,0,1,0,0,0,0,0,0,0,0,0,449,594,552,68,184010,0.24400847780012,0.322808543013967,0.299983696538232,0.038119583375377,30.548387,31.055172,31.522581,32.793548,21.812903,22.096552,22.225806,22.8,83.419355,82.241379,80.129032,74.33871,294.7,272.7,292.7,130.1,0.48172,0.553703,0.288172,0.643011,4,4,3.2,2.8
2008,0,abril,4,0,0,0,1,0,0,0,0,0,0,0,0,393,449,594,552,184010,0.213575349165806,0.24400847780012,0.322808543013967,0.299983696538232,32.033333,30.548387,31.055172,31.522581,22.426667,21.812903,22.096552,22.225806,79.575,83.419355,82.241379,80.129032,238.2,294.7,272.7,292.7,0.545556,0.48172,0.553703,0.288172,5.1,4,4,3.2
2008,0,maio,5,0,0,0,0,1,0,0,0,0,0,0,0,280,393,449,594,184010,0.152165643171567,0.213575349165806,0.24400847780012,0.322808543013967,33.274194,32.033333,30.548387,31.055172,22.009677,22.426667,21.812903,22.096552,70.201613,79.575,83.419355,82.241379,34,238.2,294.7,272.7,0.452688,0.545556,0.48172,0.553703,4.4,5.1,4,4
2008,0,junho,6,0,0,0,0,0,1,0,0,0,0,0,0,129,280,393,449,184010,0.070104885604043,0.152165643171567,0.213575349165806,0.24400847780012,34.43,33.274194,32.033333,30.548387,19.876667,22.009677,22.426667,21.812903,55.4,70.201613,79.575,83.419355,0,34,238.2,294.7,1.151111,0.452688,0.545556,0.48172,7.6,4.4,5.1,4
2008,0,julho,7,0,0,0,0,0,0,1,0,0,0,0,0,25,129,280,393,184010,0.013586218140319,0.070104885604043,0.152165643171567,0.213575349165806,34.63871,34.43,33.274194,32.033333,19.954839,19.876667,22.009677,22.426667,47.725806,55.4,70.201613,79.575,0,0,34,238.2,1.368817,1.151111,0.452688,0.545556,6.4,7.6,4.4,5.1
2008,0,agosto,8,0,0,0,0,0,0,0,1,0,0,0,0,19,25,129,280,184010,0.010325525786642,0.013586218140319,0.070104885604043,0.152165643171567,36.532258,34.63871,34.43,33.274194,22.345161,19.954839,19.876667,22.009677,39.677419,47.725806,55.4,70.201613,0,0,0,34,1.517394,1.368817,1.151111,0.452688,6,6.4,7.6,4.4
2008,0,setembro,9,0,0,0,0,0,0,0,0,1,0,0,0,22,19,25,129,184010,0.01195587196348,0.010325525786642,0.013586218140319,0.070104885604043,38.253333,36.532258,34.63871,34.43,24.256667,22.345161,19.954839,19.876667,43.308333,39.677419,47.725806,55.4,12.1,0,0,0,1.646667,1.517394,1.368817,1.151111,8,6,6.4,7.6
2008,0,outubro,10,0,0,0,0,0,0,0,0,0,1,0,0,38,22,19,25,184010,0.020651051573284,0.01195587196348,0.010325525786642,0.013586218140319,37.277419,38.253333,36.532258,34.63871,24.122581,24.256667,22.345161,19.954839,53.354839,43.308333,39.677419,47.725806,98.9,12.1,0,0,1.433069,1.646667,1.517394,1.368817,9.6,8,6,6.4
2008,0,novembro,11,0,0,0,0,0,0,0,0,0,0,1,0,39,38,22,19,184010,0.021194500298897,0.020651051573284,0.01195587196348,0.010325525786642,32.603333,37.277419,38.253333,36.532258,22.583333,24.122581,24.256667,22.345161,74.508333,53.354839,43.308333,39.677419,298,98.9,12.1,0,0.592122,1.433069,1.646667,1.517394,3.2,9.6,8,6
2008,0,dezembro,12,0,0,0,0,0,0,0,0,0,0,0,1,39,39,38,22,184010,0.021194500298897,0.021194500298897,0.020651051573284,0.01195587196348,31.53871,32.603333,37.277419,38.253333,22.63871,22.583333,24.122581,24.256667,80.274194,74.508333,53.354839,43.308333,169,298,98.9,12.1,0.663441,0.592122,1.433069,1.646667,4.4,3.2,9.6,8
2009,1,janeiro,1,1,0,0,0,0,0,0,0,0,0,0,0,76,39,39,38,188645,0.040287312147155,0.021194500298897,0.021194500298897,0.020651051573284,33.067742,31.53871,32.603333,37.277419,22.845161,22.63871,22.583333,24.122581,77.032258,80.274194,74.508333,53.354839,160.1,169,298,98.9,0.554839,0.663441,0.592122,1.433069,2.8,4.4,3.2,9.6
2009,1,fevereiro,2,0,1,0,0,0,0,0,0,0,0,0,0,69,76,39,39,188645,0.036576638659917,0.040287312147155,0.021194500298897,0.021194500298897,31.478571,33.067742,31.53871,32.603333,22.075,22.845161,22.63871,22.583333,81.919643,77.032258,80.274194,74.508333,353.8,160.1,169,298,0.525,0.554839,0.663441,0.592122,4.8,2.8,4.4,3.2
2009,1,março,3,0,0,1,0,0,0,0,0,0,0,0,0,121,69,76,39,188645,0.06414164170797,0.036576638659917,0.040287312147155,0.021194500298897,32.122581,31.478571,33.067742,31.53871,22.529032,22.075,22.845161,22.63871,81.508065,81.919643,77.032258,80.274194,168.7,353.8,160.1,169,0.324588,0.525,0.554839,0.663441,3.2,4.8,2.8,4.4
2009,1,abril,4,0,0,0,1,0,0,0,0,0,0,0,0,132,121,69,76,188645,0.069972700045058,0.06414164170797,0.036576638659917,0.040287312147155,31.37,32.122581,31.478571,33.067742,23.023333,22.529032,22.075,22.845161,82.183333,81.508065,81.919643,77.032258,130.4,168.7,353.8,160.1,0.324444,0.324588,0.525,0.554839,3.2,3.2,4.8,2.8
2009,1,maio,5,0,0,0,0,1,0,0,0,0,0,0,0,167,132,121,69,188645,0.088526067481248,0.069972700045058,0.06414164170797,0.036576638659917,31.474194,31.37,32.122581,31.478571,21.858065,23.023333,22.529032,22.075,78.379032,82.183333,81.508065,81.919643,285.1,130.4,168.7,353.8,0.258065,0.324444,0.324588,0.525,2.4,3.2,3.2,4.8
2009,1,junho,6,0,0,0,0,0,1,0,0,0,0,0,0,181,167,132,121,188645,0.095947414455724,0.088526067481248,0.069972700045058,0.06414164170797,33.71,31.474194,31.37,32.122581,21.406667,21.858065,23.023333,22.529032,66.208333,78.379032,82.183333,81.508065,40.1,285.1,130.4,168.7,0.728889,0.258065,0.324444,0.324588,8,2.4,3.2,3.2
2009,1,julho,7,0,0,0,0,0,0,1,0,0,0,0,0,125,181,167,132,188645,0.06626202655782,0.095947414455724,0.088526067481248,0.069972700045058,35.319355,33.71,31.474194,31.37,20.319355,21.406667,21.858065,23.023333,52.483871,66.208333,78.379032,82.183333,0,40.1,285.1,130.4,1.073118,0.728889,0.258065,0.324444,9.1,8,2.4,3.2
2009,1,agosto,8,0,0,0,0,0,0,0,1,0,0,0,0,86,125,181,167,188645,0.04558827427178,0.06626202655782,0.095947414455724,0.088526067481248,36.593548,35.319355,33.71,31.474194,22.283871,20.319355,21.406667,21.858065,45.66129,52.483871,66.208333,78.379032,0.4,0,40.1,285.1,1.295699,1.073118,0.728889,0.258065,7.6,9.1,8,2.4
2009,1,setembro,9,0,0,0,0,0,0,0,0,1,0,0,0,82,86,125,181,188645,0.04346788942193,0.04558827427178,0.06626202655782,0.095947414455724,36.05,36.593548,35.319355,33.71,23.33,22.283871,20.319355,21.406667,57.183333,45.66129,52.483871,66.208333,80.7,0.4,0,40.1,0.86,1.295699,1.073118,0.728889,4.8,7.6,9.1,8
2009,1,outubro,10,0,0,0,0,0,0,0,0,0,1,0,0,44,82,86,125,188645,0.023324233348353,0.04346788942193,0.04558827427178,0.06626202655782,32.832258,36.05,36.593548,35.319355,22.835484,23.33,22.283871,20.319355,76.782258,57.183333,45.66129,52.483871,213.7,80.7,0.4,0,0.632258,0.86,1.295699,1.073118,3.6,4.8,7.6,9.1
2009,1,novembro,11,0,0,0,0,0,0,0,0,0,0,1,0,143,44,82,86,188645,0.075803758382146,0.023324233348353,0.04346788942193,0.04558827427178,33.34,32.832258,36.05,36.593548,22.766667,22.835484,23.33,22.283871,74.65,76.782258,57.183333,45.66129,172,213.7,80.7,0.4,0.602222,0.632258,0.86,1.295699,5.2,3.6,4.8,7.6
2009,1,dezembro,12,0,0,0,0,0,0,0,0,0,0,0,1,234,143,44,82,188645,0.124042513716239,0.075803758382146,0.023324233348353,0.04346788942193,32.577419,33.34,32.832258,36.05,22.367742,22.766667,22.835484,23.33,77.475806,74.65,76.782258,57.183333,316.3,172,213.7,80.7,0.74086,0.602222,0.632258,0.86,4,5.2,3.6,4.8
2010,2,janeiro,1,1,0,0,0,0,0,0,0,0,0,0,0,427,234,143,44,228332,0.187008391289876,0.124042513716239,0.075803758382146,0.023324233348353,32.796667,32.577419,33.34,32.832258,22.319355,22.367742,22.766667,22.835484,78.975806,77.475806,74.65,76.782258,436.9,316.3,172,213.7,0.575269,0.74086,0.602222,0.632258,8.4,4,5.2,3.6
2010,2,fevereiro,2,0,1,0,0,0,0,0,0,0,0,0,0,441,427,234,143,228332,0.193139813955118,0.187008391289876,0.124042513716239,0.075803758382146,33.875,32.796667,32.577419,33.34,23.464286,22.319355,22.367742,22.766667,75.803571,78.975806,77.475806,74.65,206.1,436.9,316.3,172,0.534524,0.575269,0.74086,0.602222,4.4,8.4,4,5.2
2010,2,março,3,0,0,1,0,0,0,0,0,0,0,0,0,534,441,427,234,228332,0.233869978802796,0.193139813955118,0.187008391289876,0.124042513716239,33.183871,33.875,32.796667,32.577419,23.274194,23.464286,22.319355,22.367742,81.08871,75.803571,78.975806,77.475806,462.5,206.1,436.9,316.3,0.662366,0.534524,0.575269,0.74086,4,4.4,8.4,4
2010,2,abril,4,0,0,0,1,0,0,0,0,0,0,0,0,521,534,441,427,228332,0.228176514899357,0.233869978802796,0.193139813955118,0.187008391289876,34.91,33.183871,33.875,32.796667,23.341379,23.274194,23.464286,22.319355,70.083333,81.08871,75.803571,78.975806,82.8,462.5,206.1,436.9,0.811111,0.662366,0.534524,0.575269,4,4,4.4,8.4
2010,2,maio,5,0,0,0,0,1,0,0,0,0,0,0,0,405,521,534,441,228332,0.17737329853021,0.228176514899357,0.233869978802796,0.193139813955118,35.513333,34.91,33.183871,33.875,23.006452,23.341379,23.274194,23.464286,66.58871,70.083333,81.08871,75.803571,25.6,82.8,462.5,206.1,0.565591,0.811111,0.662366,0.534524,3.6,4,4,4.4
2010,2,junho,6,0,0,0,0,0,1,0,0,0,0,0,0,185,405,521,534,228332,0.081022370933553,0.17737329853021,0.228176514899357,0.233869978802796,35.836667,35.513333,34.91,33.183871,21.176667,23.006452,23.341379,23.274194,53.05,66.58871,70.083333,81.08871,0.2,25.6,82.8,462.5,1.55,0.565591,0.811111,0.662366,8.4,3.6,4,4
2010,2,julho,7,0,0,0,0,0,0,1,0,0,0,0,0,59,185,405,521,228332,0.025839566946376,0.081022370933553,0.17737329853021,0.228176514899357,35.877419,35.836667,35.513333,34.91,22.503226,21.176667,23.006452,23.341379,46.282258,53.05,66.58871,70.083333,0,0.2,25.6,82.8,2.231183,1.55,0.565591,0.811111,11.6,8.4,3.6,4
2010,2,agosto,8,0,0,0,0,0,0,0,1,0,0,0,0,23,59,185,405,228332,0.010073051521469,0.025839566946376,0.081022370933553,0.17737329853021,37.229032,35.877419,35.836667,35.513333,22.103226,22.503226,21.176667,23.006452,36.5,46.282258,53.05,66.58871,0,0,0.2,25.6,1.787097,2.231183,1.55,0.565591,8.4,11.6,8.4,3.6
2010,2,setembro,9,0,0,0,0,0,0,0,0,1,0,0,0,7,23,59,185,228332,0.003065711332621,0.010073051521469,0.025839566946376,0.081022370933553,38.503333,37.229032,35.877419,35.836667,25.406667,22.103226,22.503226,21.176667,36.316667,36.5,46.282258,53.05,18,0,0,0.2,2.217778,1.787097,2.231183,1.55,9.2,8.4,11.6,8.4
2010,2,outubro,10,0,0,0,0,0,0,0,0,0,1,0,0,17,7,23,59,228332,0.007445298950651,0.003065711332621,0.010073051521469,0.025839566946376,35.590323,38.503333,37.229032,35.877419,23.425806,25.406667,22.103226,22.503226,68.096774,36.316667,36.5,46.282258,222.1,18,0,0,1.151613,2.217778,1.787097,2.231183,3.4,9.2,8.4,11.6
2010,2,novembro,11,0,0,0,0,0,0,0,0,0,0,1,0,74,17,7,23,228332,0.032408948373421,0.007445298950651,0.003065711332621,0.010073051521469,32.92,35.590323,38.503333,37.229032,22.733333,23.425806,25.406667,22.103226,75.766667,68.096774,36.316667,36.5,189.4,222.1,18,0,0.87,1.151613,2.217778,1.787097,5.8,3.4,9.2,8.4
2010,2,dezembro,12,0,0,0,0,0,0,0,0,0,0,0,1,71,74,17,7,228332,0.031095072088012,0.032408948373421,0.007445298950651,0.003065711332621,31.932258,32.92,35.590323,38.503333,23.045161,22.733333,23.425806,25.406667,78.25,75.766667,68.096774,36.316667,162,189.4,222.1,18,0.88172,0.87,1.151613,2.217778,3.8,5.8,3.4,9.2
2011,3,janeiro,1,1,0,0,0,0,0,0,0,0,0,0,0,278,71,74,17,235316,0.118139013071784,0.031095072088012,0.032408948373421,0.007445298950651,31.074194,31.932258,32.92,35.590323,21.867742,23.045161,22.733333,23.425806,83.177419,78.25,75.766667,68.096774,354.2,162,189.4,222.1,0.832258,0.88172,0.87,1.151613,4.8,3.8,5.8,3.4
2011,3,fevereiro,2,0,1,0,0,0,0,0,0,0,0,0,0,279,278,71,74,235316,0.11856397355046,0.118139013071784,0.031095072088012,0.032408948373421,30.557143,31.074194,31.932258,32.92,21.789286,21.867742,23.045161,22.733333,84.821429,83.177419,78.25,75.766667,327.3,354.2,162,189.4,0.538095,0.832258,0.88172,0.87,4.3,4.8,3.8,5.8
2011,3,março,3,0,0,1,0,0,0,0,0,0,0,0,0,446,279,278,71,235316,0.189532373489265,0.11856397355046,0.118139013071784,0.031095072088012,31.36129,30.557143,31.074194,31.932258,22.451613,21.789286,21.867742,23.045161,83.830645,84.821429,83.177419,78.25,352.4,327.3,354.2,162,0.7,0.538095,0.832258,0.88172,6.4,4.3,4.8,3.8
2011,3,abril,4,0,0,0,1,0,0,0,0,0,0,0,0,519,446,279,278,235316,0.220554488432576,0.189532373489265,0.11856397355046,0.118139013071784,32.513333,31.36129,30.557143,31.074194,22.453333,22.451613,21.789286,21.867742,78.758333,83.830645,84.821429,83.177419,218.8,352.4,327.3,354.2,0.926667,0.7,0.538095,0.832258,5.2,6.4,4.3,4.8
2011,3,maio,5,0,0,0,0,1,0,0,0,0,0,0,0,1085,519,446,279,235316,0.461082119362899,0.220554488432576,0.189532373489265,0.11856397355046,33.958065,32.513333,31.36129,30.557143,22.054839,22.453333,22.451613,21.789286,66.983871,78.758333,83.830645,84.821429,9.8,218.8,352.4,327.3,0.682796,0.926667,0.7,0.538095,4.8,5.2,6.4,4.3
2011,3,junho,6,0,0,0,0,0,1,0,0,0,0,0,0,921,1085,519,446,235316,0.39138860086012,0.461082119362899,0.220554488432576,0.189532373489265,35.006667,33.958065,32.513333,31.36129,20.496667,22.054839,22.453333,22.451613,55.825,66.983871,78.758333,83.830645,0,9.8,218.8,352.4,1.055556,0.682796,0.926667,0.7,8.8,4.8,5.2,6.4
2011,3,julho,7,0,0,0,0,0,0,1,0,0,0,0,0,483,921,1085,519,235316,0.205255911200258,0.39138860086012,0.461082119362899,0.220554488432576,35.170968,35.006667,33.958065,32.513333,20.66129,20.496667,22.054839,22.453333,49.443548,55.825,66.983871,78.758333,2.2,0,9.8,218.8,1.721505,1.055556,0.682796,0.926667,12.2,8.8,4.8,5.2
2011,3,agosto,8,0,0,0,0,0,0,0,1,0,0,0,0,322,483,921,1085,235316,0.136837274133506,0.205255911200258,0.39138860086012,0.461082119362899,37.722581,35.170968,35.006667,33.958065,22.380645,20.66129,20.496667,22.054839,41.040323,49.443548,55.825,66.983871,0,2.2,0,9.8,1.376344,1.721505,1.055556,0.682796,9.2,12.2,8.8,4.8
2011,3,setembro,9,0,0,0,0,0,0,0,0,1,0,0,0,282,322,483,921,235316,0.119838854986486,0.136837274133506,0.205255911200258,0.39138860086012,38.643333,37.722581,35.170968,35.006667,24.17,22.380645,20.66129,20.496667,34.366667,41.040323,49.443548,55.825,0,0,2.2,0,1.656667,1.376344,1.721505,1.055556,11.2,9.2,12.2,8.8
2011,3,outubro,10,0,0,0,0,0,0,0,0,0,1,0,0,183,282,322,483,235316,0.077767767597614,0.119838854986486,0.136837274133506,0.205255911200258,34.441935,38.643333,37.722581,35.170968,22.716129,24.17,22.380645,20.66129,68.604839,34.366667,41.040323,49.443548,228.1,0,0,2.2,1.111828,1.656667,1.376344,1.721505,5.8,11.2,9.2,12.2
2011,3,novembro,11,0,0,0,0,0,0,0,0,0,0,1,0,165,183,282,322,235316,0.070118478981455,0.077767767597614,0.119838854986486,0.136837274133506,31.483333,34.441935,38.643333,37.722581,22.443333,22.716129,24.17,22.380645,79.891667,68.604839,34.366667,41.040323,210.5,228.1,0,0,0.564444,1.111828,1.656667,1.376344,2.8,5.8,11.2,9.2
2011,3,dezembro,12,0,0,0,0,0,0,0,0,0,0,0,1,56,165,183,282,235316,0.023797786805827,0.070118478981455,0.077767767597614,0.119838854986486,32.506452,31.483333,34.441935,38.643333,22.419355,22.443333,22.716129,24.17,78.225806,79.891667,68.604839,34.366667,302.4,210.5,228.1,0,0.81828,0.564444,1.111828,1.656667,3.2,2.8,5.8,11.2
2012,0,janeiro,1,1,0,0,0,0,0,0,0,0,0,0,0,707,56,165,183,242070,0.292064278927583,0.023797786805827,0.070118478981455,0.077767767597614,30.43871,32.506452,31.483333,34.441935,21.429032,22.419355,22.443333,22.716129,84.354839,78.225806,79.891667,68.604839,378.8,302.4,210.5,228.1,0.934409,0.81828,0.564444,1.111828,4.2,3.2,2.8,5.8
2012,0,fevereiro,2,0,1,0,0,0,0,0,0,0,0,0,0,1004,707,56,165,242070,0.41475606229603,0.292064278927583,0.023797786805827,0.070118478981455,31.524138,30.43871,32.506452,31.483333,21.475862,21.429032,22.419355,22.443333,78.982759,84.354839,78.225806,79.891667,247.8,378.8,302.4,210.5,0.47931,0.934409,0.81828,0.564444,3.2,4.2,3.2,2.8
2012,0,março,3,0,0,1,0,0,0,0,0,0,0,0,0,993,1004,707,56,242070,0.410211922171273,0.41475606229603,0.292064278927583,0.023797786805827,31.974194,31.524138,30.43871,32.506452,22.393548,21.475862,21.429032,22.419355,82.354839,78.982759,84.354839,78.225806,121,247.8,378.8,302.4,0.71828,0.47931,0.934409,0.81828,4.2,3.2,4.2,3.2
2012,0,abril,4,0,0,0,1,0,0,0,0,0,0,0,0,783,993,1004,707,242070,0.323460156153179,0.410211922171273,0.41475606229603,0.292064278927583,33.636667,31.974194,31.524138,30.43871,22.59,22.393548,21.475862,21.429032,76.383333,82.354839,78.982759,84.354839,92.8,121,247.8,378.8,0.923333,0.71828,0.47931,0.934409,9.8,4.2,3.2,4.2
2012,0,maio,5,0,0,0,0,1,0,0,0,0,0,0,0,570,783,993,1004,242070,0.235469079191969,0.323460156153179,0.410211922171273,0.41475606229603,34.029032,33.636667,31.974194,31.524138,21.7,22.59,22.393548,21.475862,68.766129,76.383333,82.354839,78.982759,63.3,92.8,121,247.8,0.956989,0.923333,0.71828,0.47931,5.4,9.8,4.2,3.2
2012,0,junho,6,0,0,0,0,0,1,0,0,0,0,0,0,249,570,783,993,242070,0.102862808278597,0.235469079191969,0.323460156153179,0.410211922171273,34.853333,34.029032,33.636667,31.974194,21.12,21.7,22.59,22.393548,60.641667,68.766129,76.383333,82.354839,8.8,63.3,92.8,121,1.24,0.956989,0.923333,0.71828,8.6,5.4,9.8,4.2
2012,0,julho,7,0,0,0,0,0,0,1,0,0,0,0,0,139,249,570,783,242070,0.057421407031024,0.102862808278597,0.235469079191969,0.323460156153179,35.854839,34.853333,34.029032,33.636667,19.890323,21.12,21.7,22.59,47.137097,60.641667,68.766129,76.383333,0,8.8,63.3,92.8,1.569892,1.24,0.956989,0.923333,4.8,8.6,5.4,9.8
2012,0,agosto,8,0,0,0,0,0,0,0,1,0,0,0,0,76,139,249,570,242070,0.031395877225596,0.057421407031024,0.102862808278597,0.235469079191969,36.374194,35.854839,34.853333,34.029032,22.074194,19.890323,21.12,21.7,38.685484,47.137097,60.641667,68.766129,0,0,8.8,63.3,2.44086,1.569892,1.24,0.956989,9,4.8,8.6,5.4
2012,0,setembro,9,0,0,0,0,0,0,0,0,1,0,0,0,41,76,139,249,242070,0.016937249555914,0.031395877225596,0.057421407031024,0.102862808278597,38.12,36.374194,35.854839,34.853333,23.866667,22.074194,19.890323,21.12,39.225,38.685484,47.137097,60.641667,0,0,0,8.8,1.718889,2.44086,1.569892,1.24,9.6,9,4.8,8.6
2012,0,outubro,10,0,0,0,0,0,0,0,0,0,1,0,0,91,41,76,139,242070,0.037592431941174,0.016937249555914,0.031395877225596,0.057421407031024,37.048387,38.12,36.374194,35.854839,24.009677,23.866667,22.074194,19.890323,55.258065,39.225,38.685484,47.137097,31.3,0,0,0,1.177419,1.718889,2.44086,1.569892,3.8,9.6,9,4.8
2012,0,novembro,11,0,0,0,0,0,0,0,0,0,0,1,0,112,91,41,76,242070,0.046267608542984,0.037592431941174,0.016937249555914,0.031395877225596,32.643333,37.048387,38.12,36.374194,23.06,24.009677,23.866667,22.074194,75.866667,55.258065,39.225,38.685484,326.2,31.3,0,0,1.163333,1.177419,1.718889,2.44086,3.8,3.8,9.6,9
2012,0,dezembro,12,0,0,0,0,0,0,0,0,0,0,0,1,151,112,91,41,242070,0.062378650803487,0.046267608542984,0.037592431941174,0.016937249555914,33.33871,32.643333,37.048387,38.12,22.819355,23.06,24.009677,23.866667,75.862903,75.866667,55.258065,39.225,227.9,326.2,31.3,0,0.804301,1.163333,1.177419,1.718889,3.4,3.8,3.8,9.6
2013,1,janeiro,1,1,0,0,0,0,0,0,0,0,0,0,0,299,151,112,91,257904,0.115934611328246,0.062378650803487,0.046267608542984,0.037592431941174,31.658065,33.33871,32.643333,37.048387,22.603226,22.819355,23.06,24.009677,81.475806,75.862903,75.866667,55.258065,289.1,227.9,326.2,31.3,1.175269,0.804301,1.163333,1.177419,3,3.4,3.8,3.8
2013,1,fevereiro,2,0,1,0,0,0,0,0,0,0,0,0,0,541,299,151,112,257904,0.209767975680873,0.115934611328246,0.062378650803487,0.046267608542984,32.717857,31.658065,33.33871,32.643333,22.414286,22.603226,22.819355,23.06,80.089286,81.475806,75.862903,75.866667,197.2,289.1,227.9,326.2,0.583333,1.175269,0.804301,1.163333,2.2,3,3.4,3.8
2013,1,março,3,0,0,1,0,0,0,0,0,0,0,0,0,636,541,299,151,257904,0.246603387306905,0.209767975680873,0.115934611328246,0.062378650803487,32.164516,32.717857,31.658065,33.33871,22.619355,22.414286,22.603226,22.819355,81.669355,80.089286,81.475806,75.862903,369.4,197.2,289.1,227.9,0.82043,0.583333,1.175269,0.804301,2.8,2.2,3,3.4
2013,1,abril,4,0,0,0,1,0,0,0,0,0,0,0,0,698,636,541,299,257904,0.270643340157578,0.246603387306905,0.209767975680873,0.115934611328246,33.27,32.164516,32.717857,31.658065,23.03,22.619355,22.414286,22.603226,77.333333,81.669355,80.089286,81.475806,105.3,369.4,197.2,289.1,0.904444,0.82043,0.583333,1.175269,2.8,2.8,2.2,3
2013,1,maio,5,0,0,0,0,1,0,0,0,0,0,0,0,431,698,636,541,257904,0.167116446429679,0.270643340157578,0.246603387306905,0.209767975680873,34.596774,33.27,32.164516,32.717857,22.464516,23.03,22.619355,22.414286,70.967742,77.333333,81.669355,80.089286,24.9,105.3,369.4,197.2,0.945161,0.904444,0.82043,0.583333,3,2.8,2.8,2.2
2013,1,junho,6,0,0,0,0,0,1,0,0,0,0,0,0,223,431,698,636,257904,0.086466282027421,0.167116446429679,0.270643340157578,0.246603387306905,35.816667,34.596774,33.27,32.164516,21.74,22.464516,23.03,22.619355,61.516667,70.967742,77.333333,81.669355,24.2,24.9,105.3,369.4,0.844444,0.945161,0.904444,0.82043,4.4,3,2.8,2.8
2013,1,julho,7,0,0,0,0,0,0,1,0,0,0,0,0,71,223,431,698,257904,0.027529623425771,0.086466282027421,0.167116446429679,0.270643340157578,37.148387,35.816667,34.596774,33.27,21.774194,21.74,22.464516,23.03,50.282258,61.516667,70.967742,77.333333,0,24.2,24.9,105.3,1.460215,0.844444,0.945161,0.904444,6.4,4.4,3,2.8
2013,1,agosto,8,0,0,0,0,0,0,0,1,0,0,0,0,67,71,223,431,257904,0.025978658725727,0.027529623425771,0.086466282027421,0.167116446429679,38.322581,37.148387,35.816667,34.596774,22.174194,21.774194,21.74,22.464516,42,50.282258,61.516667,70.967742,0.2,0,24.2,24.9,1.389247,1.460215,0.844444,0.945161,6.4,6.4,4.4,3
2013,1,setembro,9,0,0,0,0,0,0,0,0,1,0,0,0,50,67,71,223,257904,0.019387058750543,0.025978658725727,0.027529623425771,0.086466282027421,38.196667,38.322581,37.148387,35.816667,24.833333,22.174194,21.774194,21.74,47.375,42,50.282258,61.516667,10.5,0.2,0,24.2,1.401111,1.389247,1.460215,0.844444,9.2,6.4,6.4,4.4
2013,1,outubro,10,0,0,0,0,0,0,0,0,0,1,0,0,47,50,67,71,257904,0.01822383522551,0.019387058750543,0.025978658725727,0.027529623425771,35.819355,38.196667,38.322581,37.148387,23.803226,24.833333,22.174194,21.774194,63.354839,47.375,42,50.282258,114.5,10.5,0.2,0,1.752688,1.401111,1.389247,1.460215,7,9.2,6.4,6.4
2013,1,novembro,11,0,0,0,0,0,0,0,0,0,0,1,0,77,47,50,67,257904,0.029856070475836,0.01822383522551,0.019387058750543,0.025978658725727,33.19,35.819355,38.196667,38.322581,22.396667,23.803226,24.833333,22.174194,76.366667,63.354839,47.375,42,281,114.5,10.5,0.2,1.087778,1.752688,1.401111,1.389247,6,7,9.2,6.4
2013,1,dezembro,12,0,0,0,0,0,0,0,0,0,0,0,1,68,77,47,50,257904,0.026366399900738,0.029856070475836,0.01822383522551,0.019387058750543,31.051613,33.19,35.819355,38.196667,22.283871,22.396667,23.803226,24.833333,82.435484,76.366667,63.354839,47.375,433,281,114.5,10.5,0.670968,1.087778,1.752688,1.401111,4.4,6,7,9.2
2014,2,janeiro,1,1,0,0,0,0,0,0,0,0,0,0,0,148,68,77,47,265409,0.05576299221202,0.026366399900738,0.029856070475836,0.01822383522551,31.754839,31.051613,33.19,35.819355,21.706452,22.283871,22.396667,23.803226,82.153226,82.435484,76.366667,63.354839,291.4,433,281,114.5,1.003226,0.670968,1.087778,1.752688,3.4,4.4,6,7
2014,2,fevereiro,2,0,1,0,0,0,0,0,0,0,0,0,0,194,148,68,77,265409,0.073094733034675,0.05576299221202,0.026366399900738,0.029856070475836,31.057143,31.754839,31.051613,33.19,21.889286,21.706452,22.283871,22.396667,84.625,82.153226,82.435484,76.366667,281.1,291.4,433,281,0.803571,1.003226,0.670968,1.087778,10,3.4,4.4,6
2014,2,março,3,0,0,1,0,0,0,0,0,0,0,0,0,157,194,148,68,265409,0.05915398498167,0.073094733034675,0.05576299221202,0.026366399900738,32.106452,31.057143,31.754839,31.051613,22.483871,21.889286,21.706452,22.283871,80.451613,84.625,82.153226,82.435484,363.6,281.1,291.4,433,1.063654,0.803571,1.003226,0.670968,5.2,10,3.4,4.4
2014,2,abril,4,0,0,0,1,0,0,0,0,0,0,0,0,116,157,194,148,265409,0.043706129031043,0.05915398498167,0.073094733034675,0.05576299221202,33.026667,32.106452,31.057143,31.754839,22.64,22.483871,21.889286,21.706452,78.9,80.451613,84.625,82.153226,179.8,363.6,281.1,291.4,1.612222,1.063654,0.803571,1.003226,9.2,5.2,10,3.4
2014,2,maio,5,0,0,0,0,1,0,0,0,0,0,0,0,113,116,157,194,265409,0.042575798107826,0.043706129031043,0.05915398498167,0.073094733034675,34.667742,33.026667,32.106452,31.057143,22.470968,22.64,22.483871,21.889286,70.169355,78.9,80.451613,84.625,52.3,179.8,363.6,281.1,1.303237,1.612222,1.063654,0.803571,6.9,9.2,5.2,10
2014,2,junho,6,0,0,0,0,0,1,0,0,0,0,0,0,116,113,116,157,265409,0.043706129031043,0.042575798107826,0.043706129031043,0.05915398498167,35.763333,34.667742,33.026667,32.106452,20.88,22.470968,22.64,22.483871,58.175,70.169355,78.9,80.451613,0,52.3,179.8,363.6,2.737613,1.303237,1.612222,1.063654,12.861,6.9,9.2,5.2
2014,2,julho,7,0,0,0,0,0,0,1,0,0,0,0,0,46,116,113,116,265409,0.017331740822655,0.043706129031043,0.042575798107826,0.043706129031043,36.490323,35.763333,34.667742,33.026667,21.312903,20.88,22.470968,22.64,49.629032,58.175,70.169355,78.9,0,0,52.3,179.8,3.601933,2.737613,1.303237,1.612222,13.6,12.861,6.9,9.2
2014,2,agosto,8,0,0,0,0,0,0,0,1,0,0,0,0,45,46,116,113,265409,0.016954963848249,0.017331740822655,0.043706129031043,0.042575798107826,37.993548,36.490323,35.763333,34.667742,21.751613,21.312903,20.88,22.470968,42.846774,49.629032,58.175,70.169355,0,0,0,52.3,3.417204,3.601933,2.737613,1.303237,12.4,13.6,12.861,6.9
2014,2,setembro,9,0,0,0,0,0,0,0,0,1,0,0,0,35,45,46,116,265409,0.013187194104194,0.016954963848249,0.017331740822655,0.043706129031043,37.32,37.993548,36.490323,35.763333,23.726667,21.751613,21.312903,20.88,52.9,42.846774,49.629032,58.175,82,0,0,0,2.598961,3.417204,3.601933,2.737613,12.8,12.4,13.6,12.861
2014,2,outubro,10,0,0,0,0,0,0,0,0,0,1,0,0,73,35,45,46,265409,0.027504719131605,0.013187194104194,0.016954963848249,0.017331740822655,35.767742,37.32,37.993548,36.490323,23.506452,23.726667,21.751613,21.312903,60.056452,52.9,42.846774,49.629032,155.4,82,0,0,2.804301,2.598961,3.417204,3.601933,11.6,12.8,12.4,13.6
2014,2,novembro,11,0,0,0,0,0,0,0,0,0,0,1,0,82,73,35,45,265409,0.030895711901254,0.027504719131605,0.013187194104194,0.016954963848249,33.423333,35.767742,37.32,37.993548,22.83,23.506452,23.726667,21.751613,74.6,60.056452,52.9,42.846774,191.1,155.4,82,0,1.768889,2.804301,2.598961,3.417204,8.5,11.6,12.8,12.4
2014,2,dezembro,12,0,0,0,0,0,0,0,0,0,0,0,1,139,82,73,35,265409,0.05237199944237,0.030895711901254,0.027504719131605,0.013187194104194,32.467742,33.423333,35.767742,37.32,22.577419,22.83,23.506452,23.726667,76.467742,74.6,60.056452,52.9,247.2,191.1,155.4,82,1.10295,1.768889,2.804301,2.598961,6.17328,8.5,11.6,12.8
2015,3,janeiro,1,1,0,0,0,0,0,0,0,0,0,0,0,161,139,82,73,272726,0.059033608823508,0.05237199944237,0.030895711901254,0.027504719131605,32.774194,32.467742,33.423333,35.767742,22.093548,22.577419,22.83,23.506452,77.604839,76.467742,74.6,60.056452,152.6,247.2,191.1,155.4,1.535434,1.10295,1.768889,2.804301,5.4,6.17328,8.5,11.6
2015,3,fevereiro,2,0,1,0,0,0,0,0,0,0,0,0,0,398,161,139,82,272726,0.145934014358734,0.059033608823508,0.05237199944237,0.030895711901254,32.078571,32.774194,32.467742,33.423333,22.096296,22.093548,22.577419,22.83,80.294643,77.604839,76.467742,74.6,201.3,152.6,247.2,191.1,1.246988,1.535434,1.10295,1.768889,6,5.4,6.17328,8.5
2015,3,março,3,0,0,1,0,0,0,0,0,0,0,0,0,882,398,161,139,272726,0.323401509207043,0.145934014358734,0.059033608823508,0.05237199944237,32.306452,32.078571,32.774194,32.467742,22.687097,22.096296,22.093548,22.577419,80.233871,80.294643,77.604839,76.467742,145.3,201.3,152.6,247.2,1.476391,1.246988,1.535434,1.10295,6.4,6,5.4,6.17328
2015,3,abril,4,0,0,0,1,0,0,0,0,0,0,0,0,692,882,398,161,272726,0.253734517427748,0.323401509207043,0.145934014358734,0.059033608823508,31.616667,32.306452,32.078571,32.774194,22.616667,22.687097,22.096296,22.093548,81.566667,80.233871,80.294643,77.604839,308,145.3,201.3,152.6,0.95588,1.476391,1.246988,1.535434,4.8,6.4,6,5.4
2015,3,maio,5,0,0,0,0,1,0,0,0,0,0,0,0,583,692,882,398,272726,0.2137676642491,0.253734517427748,0.323401509207043,0.145934014358734,34.5,31.616667,32.306452,32.078571,22.967742,22.616667,22.687097,22.096296,71.185484,81.566667,80.233871,80.294643,103.7,308,145.3,201.3,1.790134,0.95588,1.476391,1.246988,8.5,4.8,6.4,6
2015,3,junho,6,0,0,0,0,0,1,0,0,0,0,0,0,416,583,692,882,272726,0.152534045158877,0.2137676642491,0.253734517427748,0.323401509207043,35.82069,34.5,31.616667,32.306452,21.458621,22.967742,22.616667,22.687097,54.766667,71.185484,81.566667,80.233871,0,103.7,308,145.3,2.419949,1.790134,0.95588,1.476391,12.4,8.5,4.8,6.4
2015,3,julho,7,0,0,0,0,0,0,1,0,0,0,0,0,235,416,583,692,272726,0.086167068779654,0.152534045158877,0.2137676642491,0.253734517427748,36.210714,35.82069,34.5,31.616667,21.37,21.458621,22.967742,22.616667,49.185484,54.766667,71.185484,81.566667,0,0,103.7,308,2.326087,2.419949,1.790134,0.95588,12.4,12.4,8.5,4.8
2015,3,agosto,8,0,0,0,0,0,0,0,1,0,0,0,0,161,235,416,583,272726,0.059033608823508,0.086167068779654,0.152534045158877,0.2137676642491,38.275862,36.210714,35.82069,34.5,21.980645,21.37,21.458621,22.967742,38.951613,49.185484,54.766667,71.185484,0,0,0,103.7,2.368513,2.326087,2.419949,1.790134,12.4,12.4,12.4,8.5
2015,3,setembro,9,0,0,0,0,0,0,0,0,1,0,0,0,80,161,235,416,272726,0.029333470222861,0.059033608823508,0.086167068779654,0.152534045158877,38.18,38.275862,36.210714,35.82069,24.246667,21.980645,21.37,21.458621,47.016667,38.951613,49.185484,54.766667,97.9,0,0,0,1.022424,2.368513,2.326087,2.419949,8.8,12.4,12.4,12.4
2015,3,outubro,10,0,0,0,0,0,0,0,0,0,1,0,0,100,80,161,235,272726,0.036666837778576,0.029333470222861,0.059033608823508,0.086167068779654,37.136667,38.18,38.275862,36.210714,24.203226,24.246667,21.980645,21.37,56.024194,47.016667,38.951613,49.185484,132.9,97.9,0,0,1.190703,1.022424,2.368513,2.326087,4.11552,8.8,12.4,12.4
2015,3,novembro,11,0,0,0,0,0,0,0,0,0,0,1,0,222,100,80,161,272726,0.081400379868439,0.036666837778576,0.029333470222861,0.059033608823508,34.626667,37.136667,38.18,38.275862,23.19,24.203226,24.246667,21.980645,72.583333,56.024194,47.016667,38.951613,102.6,132.9,97.9,0,0.867641,1.190703,1.022424,2.368513,5.8,4.11552,8.8,12.4
2015,3,dezembro,12,0,0,0,0,0,0,0,0,0,0,0,1,406,222,100,80,272726,0.14886736138102,0.081400379868439,0.036666837778576,0.029333470222861,34.603333,34.626667,37.136667,38.18,23.119355,23.19,24.203226,24.246667,70.548387,72.583333,56.024194,47.016667,149.4,102.6,132.9,97.9,1.210312,0.867641,1.190703,1.022424,13.37544,5.8,4.11552,8.8
2016,0,janeiro,1,1,0,0,0,0,0,0,0,0,0,0,0,558,406,222,100,279856,0.199388256817792,0.14886736138102,0.081400379868439,0.036666837778576,31.483871,34.603333,34.626667,37.136667,23.087097,23.119355,23.19,24.203226,82.298387,70.548387,72.583333,56.024194,429.6,149.4,102.6,132.9,1.468829,1.210312,0.867641,1.190703,9.6,13.37544,5.8,4.11552
2016,0,fevereiro,2,0,1,0,0,0,0,0,0,0,0,0,0,417,558,406,222,279856,0.149005202675662,0.199388256817792,0.14886736138102,0.081400379868439,35.458824,31.483871,34.603333,34.626667,23.727273,23.087097,23.119355,23.19,60.982759,82.298387,70.548387,72.583333,4.8,429.6,149.4,102.6,1.278255,1.468829,1.210312,0.867641,5.9,9.6,13.37544,5.8
2016,0,março,3,0,0,1,0,0,0,0,0,0,0,0,0,273,417,558,406,279856,0.097550168658167,0.149005202675662,0.199388256817792,0.14886736138102,32.903333,35.458824,31.483871,34.603333,23.967742,23.727273,23.087097,23.119355,78.741935,60.982759,82.298387,70.548387,161.7,4.8,429.6,149.4,0.868817,1.278255,1.468829,1.210312,4.4,5.9,9.6,13.37544
2016,0,abril,4,0,0,0,1,0,0,0,0,0,0,0,0,237,273,417,558,279856,0.084686410153793,0.097550168658167,0.149005202675662,0.199388256817792,35.144828,32.903333,35.458824,31.483871,23.644828,23.967742,23.727273,23.087097,69.6,78.741935,60.982759,82.298387,80.5,161.7,4.8,429.6,0.948501,0.868817,1.278255,1.468829,8.4,4.4,5.9,9.6
2016,0,maio,5,0,0,0,0,1,0,0,0,0,0,0,0,182,237,273,417,279856,0.065033445772111,0.084686410153793,0.097550168658167,0.149005202675662,36.977419,35.144828,32.903333,35.458824,22.593548,23.644828,23.967742,23.727273,59.685484,69.6,78.741935,60.982759,2.6,80.5,161.7,4.8,1.373285,0.948501,0.868817,1.278255,9.2,8.4,4.4,5.9
2016,0,junho,6,0,0,0,0,0,1,0,0,0,0,0,0,76,182,237,273,279856,0.027156823509233,0.065033445772111,0.084686410153793,0.097550168658167,35.739286,36.977419,35.144828,32.903333,22.766667,22.593548,23.644828,23.967742,56.866667,59.685484,69.6,78.741935,18.2,2.6,80.5,161.7,1.925017,1.373285,0.948501,0.868817,11.6,9.2,8.4,4.4
2016,0,julho,7,0,0,0,0,0,0,1,0,0,0,0,0,34,76,182,237,279856,0.012149105254131,0.027156823509233,0.065033445772111,0.084686410153793,37.377778,35.739286,36.977419,35.144828,21.612903,22.766667,22.593548,23.644828,42.330645,56.866667,59.685484,69.6,0,18.2,2.6,80.5,2.117207,1.925017,1.373285,0.948501,12.34656,11.6,9.2,8.4
2016,0,agosto,8,0,0,0,0,0,0,0,1,0,0,0,0,22,34,76,182,279856,0.007861185752673,0.012149105254131,0.027156823509233,0.065033445772111,38.878571,37.377778,35.739286,36.977419,23.193548,21.612903,22.766667,22.593548,38.693548,42.330645,56.866667,59.685484,0,0,18.2,2.6,2.459241,2.117207,1.925017,1.373285,12.4,12.34656,11.6,9.2
2016,0,setembro,9,0,0,0,0,0,0,0,0,1,0,0,0,23,22,34,76,279856,0.008218512377794,0.007861185752673,0.012149105254131,0.027156823509233,37.196667,38.878571,37.377778,35.739286,24.723333,23.193548,21.612903,22.766667,51.716667,38.693548,42.330645,56.866667,100.1,0,0,18.2,2.541184,2.459241,2.117207,1.925017,12.5,12.4,12.34656,11.6
2016,0,outubro,10,0,0,0,0,0,0,0,0,0,1,0,0,30,23,22,34,279856,0.010719798753645,0.008218512377794,0.007861185752673,0.012149105254131,36.687097,37.196667,38.878571,37.377778,24.16,24.723333,23.193548,21.612903,58.604839,51.716667,38.693548,42.330645,38,100.1,0,0,1.616141,2.541184,2.459241,2.117207,7.8,12.5,12.4,12.34656
2016,0,novembro,11,0,0,0,0,0,0,0,0,0,0,1,0,47,30,23,22,279856,0.01679435138071,0.010719798753645,0.008218512377794,0.007861185752673,33.938462,36.687097,37.196667,38.878571,23.32069,24.16,24.723333,23.193548,68.658333,58.604839,51.716667,38.693548,180.9,38,100.1,0,0.971432,1.616141,2.541184,2.459241,4.8,7.8,12.5,12.4
2016,0,dezembro,12,0,0,0,0,0,0,0,0,0,0,0,1,73,47,30,23,279856,0.026084843633869,0.01679435138071,0.010719798753645,0.008218512377794,33.296774,33.938462,36.687097,37.196667,22.796774,23.32069,24.16,24.723333,75.5,68.658333,58.604839,51.716667,254.1,180.9,38,100.1,0.92043,0.971432,1.616141,2.541184,5.2,4.8,7.8,12.5
2017,1,janeiro,1,1,0,0,0,0,0,0,0,0,0,0,0,105,73,47,30,286787,0.036612538225233,0.026084843633869,0.01679435138071,0.010719798753645,32.145161,33.296774,33.938462,36.687097,22.2,22.796774,23.32069,24.16,81.717742,75.5,68.658333,58.604839,424.1,254.1,180.9,38,0.862366,0.92043,0.971432,1.616141,4,5.2,4.8,7.8
2017,1,fevereiro,2,0,1,0,0,0,0,0,0,0,0,0,0,190,105,73,47,286787,0.06625125964566,0.036612538225233,0.026084843633869,0.01679435138071,31.046429,32.145161,33.296774,33.938462,22.371429,22.2,22.796774,23.32069,82.107143,81.717742,75.5,68.658333,288.8,424.1,254.1,180.9,0.947059,0.862366,0.92043,0.971432,4.4,4,5.2,4.8
2017,1,março,3,0,0,1,0,0,0,0,0,0,0,0,0,161,190,105,73,286787,0.056139225278691,0.06625125964566,0.036612538225233,0.026084843633869,32.483871,31.046429,32.145161,33.296774,22.603226,22.371429,22.2,22.796774,80.701613,82.107143,81.717742,75.5,207.4,288.8,424.1,254.1,0.789581,0.947059,0.862366,0.92043,6.68772,4.4,4,5.2
2017,1,abril,4,0,0,0,1,0,0,0,0,0,0,0,0,202,161,190,105,286787,0.070435549728544,0.056139225278691,0.06625125964566,0.036612538225233,33.603333,32.483871,31.046429,32.145161,23.086667,22.603226,22.371429,22.2,77.983333,80.701613,82.107143,81.717742,163.9,207.4,288.8,424.1,0.618889,0.789581,0.947059,0.862366,3.4,6.68772,4.4,4
2017,1,maio,5,0,0,0,0,1,0,0,0,0,0,0,0,241,202,161,190,286787,0.084034492497917,0.070435549728544,0.056139225278691,0.06625125964566,35.629032,33.603333,32.483871,31.046429,22.590323,23.086667,22.603226,22.371429,66.419355,77.983333,80.701613,82.107143,17.8,163.9,207.4,288.8,1.072222,0.618889,0.789581,0.947059,6.4,3.4,6.68772,4.4
2017,1,junho,6,0,0,0,0,0,1,0,0,0,0,0,0,94,241,202,161,286787,0.03277693898259,0.084034492497917,0.070435549728544,0.056139225278691,36.12,35.629032,33.603333,32.483871,20.93,22.590323,23.086667,22.603226,53.825,66.419355,77.983333,80.701613,0,17.8,163.9,207.4,2.191753,1.072222,0.618889,0.789581,10.3,6.4,3.4,6.68772
2017,1,julho,7,0,0,0,0,0,0,1,0,0,0,0,0,39,94,241,202,286787,0.013598942769372,0.03277693898259,0.084034492497917,0.070435549728544,35.154839,36.12,35.629032,33.603333,20.435484,20.93,22.590323,23.086667,44.33871,53.825,66.419355,77.983333,0,0,17.8,163.9,3.331005,2.191753,1.072222,0.618889,14.40432,10.3,6.4,3.4
2017,1,agosto,8,0,0,0,0,0,0,0,1,0,0,0,0,30,39,94,241,286787,0.01046072520721,0.013598942769372,0.03277693898259,0.084034492497917,39.132,35.154839,36.12,35.629032,21.667742,20.435484,20.93,22.590323,42.056452,44.33871,53.825,66.419355,0,0,0,17.8,1.9088,3.331005,2.191753,1.072222,12.3,14.40432,10.3,6.4
2017,1,setembro,9,0,0,0,0,0,0,0,0,1,0,0,0,11,30,39,94,286787,0.003835599242644,0.01046072520721,0.013598942769372,0.03277693898259,39.548276,39.132,35.154839,36.12,26.483333,21.667742,20.435484,20.93,32.925,42.056452,44.33871,53.825,0,0,0,0,3.684119,1.9088,3.331005,2.191753,18.0054,12.3,14.40432,10.3
2017,1,outubro,10,0,0,0,0,0,0,0,0,0,1,0,0,43,11,30,39,286787,0.014993706130334,0.003835599242644,0.01046072520721,0.013598942769372,38.283871,39.548276,39.132,35.154839,25.587097,26.483333,21.667742,20.435484,47.548387,32.925,42.056452,44.33871,21.6,0,0,0,2.006223,3.684119,1.9088,3.331005,12.34656,18.0054,12.3,14.40432
2017,1,novembro,11,0,0,0,0,0,0,0,0,0,0,1,0,22,43,11,30,286787,0.007671198485287,0.014993706130334,0.003835599242644,0.01046072520721,33.626667,38.283871,39.548276,39.132,23.683333,25.587097,26.483333,21.667742,72.491667,47.548387,32.925,42.056452,197.1,21.6,0,0,1.17178,2.006223,3.684119,1.9088,6.17328,12.34656,18.0054,12.3
2017,1,dezembro,12,0,0,0,0,0,0,0,0,0,0,0,1,38,22,43,11,286787,0.013250251929132,0.007671198485287,0.014993706130334,0.003835599242644,32.067742,33.626667,38.283871,39.548276,22.580645,23.683333,25.587097,26.483333,80.717742,72.491667,47.548387,32.925,343,197.1,21.6,0,0.907185,1.17178,2.006223,3.684119,5.65884,6.17328,12.34656,18.0054
